/*
SQLyog Ultimate v11.42 (64 bit)
MySQL - 5.7.32-log : Database - bd_seguridad_sistemas
*********************************************************************
*/

/*!40101 SET NAMES utf8 */;

/*!40101 SET SQL_MODE=''*/;

/*!40014 SET @OLD_UNIQUE_CHECKS=@@UNIQUE_CHECKS, UNIQUE_CHECKS=0 */;
/*!40014 SET @OLD_FOREIGN_KEY_CHECKS=@@FOREIGN_KEY_CHECKS, FOREIGN_KEY_CHECKS=0 */;
/*!40101 SET @OLD_SQL_MODE=@@SQL_MODE, SQL_MODE='NO_AUTO_VALUE_ON_ZERO' */;
/*!40111 SET @OLD_SQL_NOTES=@@SQL_NOTES, SQL_NOTES=0 */;
CREATE DATABASE /*!32312 IF NOT EXISTS*/`bd_seguridad_sistemas` /*!40100 DEFAULT CHARACTER SET utf8mb4 COLLATE utf8mb4_spanish2_ci */;

USE `bd_seguridad_sistemas`;

/*Table structure for table `cat_actividad` */

DROP TABLE IF EXISTS `cat_actividad`;

CREATE TABLE `cat_actividad` (
  `id_catactividad` int(10) NOT NULL AUTO_INCREMENT,
  `titulo` varchar(500) COLLATE utf8mb4_spanish2_ci DEFAULT NULL,
  `descripcion` mediumtext COLLATE utf8mb4_spanish2_ci,
  `comentarios_actividad` mediumint(9) DEFAULT NULL,
  PRIMARY KEY (`id_catactividad`)
) ENGINE=InnoDB AUTO_INCREMENT=3 DEFAULT CHARSET=utf8mb4 COLLATE=utf8mb4_spanish2_ci;

/*Data for the table `cat_actividad` */

insert  into `cat_actividad`(`id_catactividad`,`titulo`,`descripcion`,`comentarios_actividad`) values (1,'Inicio de sesión','Recientemente inció sesión en el sistema. \r\nSino fuiste tu, verifica y cambia tu contraseña.',NULL),(2,'Cambio de contraseña','Realizaste cambio de tu contraseña, recuerda que es de uso personal ¡No la compartas con nadie!',NULL);

/*Table structure for table `cat_permiso` */

DROP TABLE IF EXISTS `cat_permiso`;

CREATE TABLE `cat_permiso` (
  `id_permiso` int(10) NOT NULL AUTO_INCREMENT,
  `permiso` varchar(200) COLLATE utf8mb4_spanish2_ci DEFAULT NULL,
  `descripcion` varchar(200) COLLATE utf8mb4_spanish2_ci DEFAULT NULL,
  `activo_permiso` int(10) DEFAULT NULL,
  PRIMARY KEY (`id_permiso`)
) ENGINE=InnoDB AUTO_INCREMENT=25 DEFAULT CHARSET=utf8mb4 COLLATE=utf8mb4_spanish2_ci;

/*Data for the table `cat_permiso` */

insert  into `cat_permiso`(`id_permiso`,`permiso`,`descripcion`,`activo_permiso`) values (1,'Empleados',NULL,1),(2,'Bienes Informáticos',NULL,1),(3,'Préstamos',NULL,1),(4,'Facturas',NULL,1),(5,'Hoja de Servicio',NULL,1),(6,'Setencia Pública',NULL,1),(7,'Recepcion de equipos',NULL,1),(8,'Ficha de diágnostico',NULL,1),(9,'Administración de Usuarios',NULL,1),(10,'Mi perfil',NULL,1),(11,'Ver mi perfil',NULL,1),(12,'Cambiar contraseña',NULL,1),(13,'Cerrar Sesión',NULL,1),(14,'Configuración',NULL,1),(15,'Generales',NULL,1),(16,'Configuración de reportes',NULL,1),(17,'Firmas',NULL,1),(18,'Reportes',NULL,1),(19,'Catálogos',NULL,1),(20,'Nóminas',NULL,1),(21,'Declaraciones',NULL,1),(22,'Certificados',NULL,1),(23,'Vales Solicitudes ',NULL,1),(24,'Autorización',NULL,1);

/*Table structure for table `cat_rol` */

DROP TABLE IF EXISTS `cat_rol`;

CREATE TABLE `cat_rol` (
  `id_rol` int(10) NOT NULL AUTO_INCREMENT,
  `fk_sistema` int(10) DEFAULT NULL,
  `rol` varchar(200) COLLATE utf8mb4_spanish2_ci DEFAULT NULL,
  `descripcion_rol` varchar(200) COLLATE utf8mb4_spanish2_ci DEFAULT NULL,
  PRIMARY KEY (`id_rol`)
) ENGINE=InnoDB AUTO_INCREMENT=8 DEFAULT CHARSET=utf8mb4 COLLATE=utf8mb4_spanish2_ci;

/*Data for the table `cat_rol` */

insert  into `cat_rol`(`id_rol`,`fk_sistema`,`rol`,`descripcion_rol`) values (1,1,'Administrador SIAI','Persona Adminitradora del Sistema Integral del Área de Informática'),(2,1,'Usuario SIAI','Persona Usuaria del SIAI'),(3,2,'Administrador del Portalta','Persona Administradora del portal ta '),(4,2,'Usuario portal','Persona Usuaria del portal del Tribunal Admnistrativo'),(5,4,'Administrador certificado de dépositos','Persona administradora del sistema certificado de dépositos'),(6,4,'Certificado','Persona administradora del módulo certificado de dépositos'),(7,4,'Solicitud de Vale','Persona administradora de la solicitud de vales de dépositos');

/*Table structure for table `cat_sistema` */

DROP TABLE IF EXISTS `cat_sistema`;

CREATE TABLE `cat_sistema` (
  `id_sistema` int(10) NOT NULL AUTO_INCREMENT,
  `sistema` varchar(300) COLLATE utf8mb4_spanish2_ci DEFAULT NULL,
  `alias` varchar(200) COLLATE utf8mb4_spanish2_ci DEFAULT NULL,
  `IdPadreSistema` int(10) DEFAULT NULL,
  PRIMARY KEY (`id_sistema`)
) ENGINE=InnoDB AUTO_INCREMENT=7 DEFAULT CHARSET=utf8mb4 COLLATE=utf8mb4_spanish2_ci;

/*Data for the table `cat_sistema` */

insert  into `cat_sistema`(`id_sistema`,`sistema`,`alias`,`IdPadreSistema`) values (1,'Sistema Integral del Área de Informática','SIAI',1),(2,'Portal del Tribunal Administrativo','Portalta',2),(3,'Sistema Intregal del Área de Recursos Materiales y Servicios Generales','Recursos Materiales',3),(4,'Sistema vale de solicitud y certificado de dépositos','Certificado de dépositos',4),(5,'Sistema HelpDesk','HelpDesk',2),(6,'Sistema de Declaraciones Patrimoniales','Declarapat',2);

/*Table structure for table `cat_usuario` */

DROP TABLE IF EXISTS `cat_usuario`;

CREATE TABLE `cat_usuario` (
  `id_usuario` int(10) NOT NULL AUTO_INCREMENT,
  `nombre` varchar(200) COLLATE utf8mb4_spanish2_ci DEFAULT NULL,
  `paterno` varchar(200) COLLATE utf8mb4_spanish2_ci DEFAULT NULL,
  `materno` varchar(200) COLLATE utf8mb4_spanish2_ci DEFAULT NULL,
  `email` varchar(100) COLLATE utf8mb4_spanish2_ci DEFAULT NULL,
  `siglas` varchar(100) COLLATE utf8mb4_spanish2_ci DEFAULT NULL,
  `password` mediumtext COLLATE utf8mb4_spanish2_ci,
  `token` varchar(10) COLLATE utf8mb4_spanish2_ci DEFAULT NULL,
  `enlace` int(10) DEFAULT NULL,
  `url_declaracion` varchar(500) COLLATE utf8mb4_spanish2_ci DEFAULT NULL,
  `activo` int(10) DEFAULT '1',
  `primer_inicio` int(10) DEFAULT '1',
  PRIMARY KEY (`id_usuario`)
) ENGINE=InnoDB AUTO_INCREMENT=171 DEFAULT CHARSET=utf8mb4 COLLATE=utf8mb4_spanish2_ci;

/*Data for the table `cat_usuario` */

insert  into `cat_usuario`(`id_usuario`,`nombre`,`paterno`,`materno`,`email`,`siglas`,`password`,`token`,`enlace`,`url_declaracion`,`activo`,`primer_inicio`) values (1,'JOSE FERNANDO','VALDES','NANDUCA','valdesnanduca@gmail.com','JFVN','4af0f111c84962774dce2448b2e8476b7cf85ae28ab2598da7e786bd0cc281efb6f4d9f744faec5f683f3da9f2a70337','55016',122,'http://declaraciones/auth/MTIyLTEyMmRhZG0mJS0zLTQ=',1,0),(2,'SUSANA','SARMIENTO ','LOPEZ','susana.sarmiento@hotmail.com','SSL','bfb28e7110799ffbe9bf5427a202da985af27b4dda1b69b3f630286947abf7c98a1d5720cd682e28fb6d91024a901314','28950',1,'http://declaraciones/auth/MS0xZGFkbSYlLTMtNA==',1,0),(3,'IVONNE ESMERALDA','MENDOZA','MENDOZA','ivonneemm@hotmail.com','IEMM','48bd06bd2c8d6d46cdf5242b69f12929f94e7f3042f5fa70d59b05b935e98743d0a1a494f21121417f7607fbfbcc85b5','25901',2,'http://declaraciones/auth/Mi0yZGFkbSYlLTMtNA==',1,0),(5,'LAURA LIZETH','RINCON','PEREYRA','lauralizethrp95@gmail.com','LLRP','4561f80d39546c58f2d648e9321b5798b6c2659fe3b1586b02c03f75c89c2041b880567c44bc5a74b62e3945ade97349','4',4,'http://declaraciones/auth/NC00ZGFkbSYlLTMtNA==',1,1),(6,'MARCO ANTONIO','MORENO','ROCHA','morenorocham@gmail.com','MAMR','710ba9c8436881ed8a2fc4e5cd41c0853cac39f9e5cb7866b7a45926f8572e2963bece23f956ed14317d67501e487d2c','5',5,'http://declaraciones/auth/NS01ZGFkbSYlLTMtNA==',1,1),(7,'XOCHITL KARINA','GONZALEZ','HERRERA','xochitl829@hotmail.com','XKGH','ea9015ff4b19ac6165c4ad86158320e11f0df82ab2868f35f9f422d47ec1c0b4d21264a9949b8acfe5a76a9a0b34fe8c','90538',6,'http://declaraciones/auth/Ni02ZGFkbSYlLTMtNA==',1,0),(8,'JOSE MANUEL','RUIZ','SOTO','josemanuelrsoto1@gmail.com','JMRS','c825f2bf68f960242e948169fc95bd7f1e5bdf9b1fb0369c90d3fcadcb9813d0e95752e97837c8266dd58a202d6c4fcf','22570',7,'http://declaraciones/auth/Ny03ZGFkbSYlLTMtNA==',1,0),(9,'DANIEL','BALBOA','RUIZ','daniel_brz@hotmail.com','DBR','57fb00391fb7bada5f567aa589f0b534631176ff64b2d444d9c518a98a9fd46789c0e57777794a894beab9bd5f2c9684','37725',8,'http://declaraciones/auth/OC04ZGFkbSYlLTMtNA==',1,0),(10,'JOSE MANUEL','LIRA','DOMINGUEZ','lira_2018@outlook.com','JMLD','c9e8242d52f9703626415419fe6267fa67f0e471d571193df95b522cc29d7a52c430445c9e3317627e6637a352ee0db8','35107',9,'http://declaraciones/auth/OS05ZGFkbSYlLTMtNA==',1,0),(11,'LOURDES EUGENIA','MAGDALENO','RODRIGUEZ','magdaleno9308@hotmail.com','LEMR','533fc6cf912a3b1dff8ea6c2bd3cd670f8f951447bacf0f63ed55ffefee8a8c6483fd5f4243bce3802a373a900fba648','83969',10,'http://declaraciones/auth/MTAtMTBkYWRtJiUtMy00',1,0),(12,'EHINER','GONZALEZ','MOLINA','ehinerglz@gmail.com','EGM','df27daf7add3ac6d526543328d9dda1a72d35f46838961a20ec2d153f7a5ecc0efd9fad0fff814e791896f355885e25f','16173',11,'http://declaraciones/auth/MTEtMTFkYWRtJiUtMy00',1,0),(13,'BRENDA JAQUELINE','MENDOZA','JAUREGUI','brendamendoza10@hotmail.com','BJMJ','e2d1ba2c9bb9ebeb5ccf435860d611558415e1d0e39994b73e40b844f9c1d627408227207f43a139f5820b24ecda31a5','12',12,'http://declaraciones/auth/MTItMTJkYWRtJiUtMy00',1,1),(14,'BELEN','ANGEL','ESTRADA','ronyset29@hotmail.com','BAE','273017ea78ef08e608a67a0ace2a5ead6f03e96a47fb777ee1d38fbe1cbc05975ac3189ace4f92633971fe4e495bef8d','41619',13,'http://declaraciones/auth/MTMtMTNkYWRtJiUtMy00',1,0),(15,'IRMA CAROLINA','IBARRA','GONZALEZ','gici_94@hotmail.com','ICIG','0ad966cdffc328cfde8c1c85ebd8b98b516e49d9904e0890b940bf2cf0d45c150cb165c132230144aeff258b8e53f319','84487',14,'http://declaraciones/auth/MTQtMTRkYWRtJiUtMy00',1,0),(16,'NAYELY MONTSERRAT','NACIFF','VALDEZ','nay_naciff@hotmail.com','NMNV','16fea17dc30a71ff68a73255841da870c922fc911a48510c5113d769679c0807f9f6fdb11acfcb885eb9dd740df1e6d1','55009',15,'http://declaraciones/auth/MTUtMTVkYWRtJiUtMy00',1,0),(17,'MARIA DEL CARMEN','SERRANO','CORZO','karameloav@hotmail.com','MCSC','ee9633f4991eda0fca657d5dc25e17a6f6406634af47b419f4f0d3de2b28c25402402d692f86727eb230d65fac7169b7','52732',16,'http://declaraciones/auth/MTYtMTZkYWRtJiUtMy00',1,0),(18,'AMAYRANI GUADALUPE','FONSECA','RUIZ','mayafonseca1@gmail.com','AGFR','c031afe2b2ce426f5efd654949bee5b901818ee469e1f361fb8d56d92e81aa3b84c5663528f83f23cc3353021b309235','21951',17,'http://declaraciones/auth/MTctMTdkYWRtJiUtMy00',1,0),(19,'ERIKA DEL CARMEN','CHAVARRIA','CRUZ','cace2@hotmail.com','ECCC','0355521b9951fe347a369eb0ebc86cc4e4637b1ac609318c483165066676d646568a110becc1ab38228cfe1679bcc7ef','15038',18,'http://declaraciones/auth/MTgtMThkYWRtJiUtMy00',1,0),(20,'ALMA GUADALUPE','ESPINOSA','MARTINEZ','agem81@hotmail.com','AGEM','142c51dbde886f3bd3bd9078543db6758b9d471de4001a303f7c968e8bd9a631d02fbc7795d8866a587fb3773e236423','19',19,'http://declaraciones/auth/MTktMTlkYWRtJiUtMy00',1,1),(21,'JANETH GUADALUPE','ESPINOSA','SARMIENTO','janeth_esar@hotmail.com','JGES','f888e57af8d158b4746358cc849022f370308b73ab86163d991b9455f3a4c3ae99c4ba96e49c1c05a573f169198dadab','78449',20,'http://declaraciones/auth/MjAtMjBkYWRtJiUtMy00',1,0),(22,'OTILA GUADALUPE','SANTIAGO','VELAZQUEZ','alito_1609@hotmail.com','OGSV','0df9468a2c171bf0bfffb5f97b7198a018cec567eb2b5d34c68c2adc88b971d143398baf07766637114fc9e8fc398533','30204',21,'http://declaraciones/auth/MjEtMjFkYWRtJiUtMy00',1,0),(24,'ANDREA CELESTE','ZENTENO','VAZQUEZ','andi.zv@hotmail.com','ACZV','b0fd8336035f58ee1139efd679c0b25a5a83a6f64b26179fff7da1a064d9874722f36f2dcddb1f56e97afb2be5bf13db','23',23,'http://declaraciones/auth/MjMtMjNkYWRtJiUtMy00',1,1),(25,'LUIS ALEJANDRO','URBINA','LOPEZ','luis_240394@hotmail.es','LAUL','f0823ffd5377ef10ad84b1cc9d07a880d7aae265959aafa5b65f582f3ead1a0b49d9c92be738fa6c3d64cfbdf83765ee','83031',24,'http://declaraciones/auth/MjQtMjRkYWRtJiUtMy00',1,0),(26,'LUIS ERNESTO','GUZMAN','CULEBRO','luisernestoguzmanculebro@gmail.com','LEGC','94e433c31f99771033388385bd8573c2ddddbd2865457ad052dc590f1fa2c5711ddeec9053e5eb0a342144efe8ee1c4c','25520',25,'http://declaraciones/auth/MjUtMjVkYWRtJiUtMy00',1,0),(28,'OCIEL','PEREZ','ESTRADA','ociel100@hotmail.com','OPE','cdb3bd4037f51cd9b3e8274d171bbc17362a2323507cee843150aff5da623e7edac0b45361dfd9f9ee127fe7751e17dd','36238',27,'http://declaraciones/auth/MjctMjdkYWRtJiUtMy00',1,0),(29,'MONTSERRATH','SOLIS','ARELLANO','montserrathsa@gmail.com','MSA','dd74d854797b3c97346aa6ac99c20b20aa1c2ccef7508e546f1b0ba74af54b005a19110c34b0afd1b979e25c3d7bceb5','88611',28,'http://declaraciones/auth/MjgtMjhkYWRtJiUtMy00',1,0),(30,'CARLOS ALBERTO','COELLO','ORTIZ','caco731116@hotmail.com','CACO','9773e96bb89a5cd50baeb9ae36ddd2e286a372abcb3f7f1f6ee36ecf6710f368be47991646231f18bc27954610ff5084','75948',29,'http://declaraciones/auth/MjktMjlkYWRtJiUtMy00',1,0),(31,'EUGENIA CANDELARIA','MORENO','CASTILLO','eugyn_more@hotmail.com','ECMC','f4ae1070341012fe5414ddd59880d63b10403a4964393892f85a3698696b71213fbf27725433aaa3b5bb563c6545ad84','75787',30,'http://declaraciones/auth/MzAtMzBkYWRtJiUtMy00',1,0),(32,'DANIEL','LAZOS','CASTRO','dalaca23@hotmail.com','DLC','ef1cb8846be411b29c59e28caa050746a9640ed0d9f97279b64cccdbab769f5212cb29d7f6e66bf2a85a195424ce56d6','31',31,'http://declaraciones/auth/MzEtMzFkYWRtJiUtMy00',1,1),(33,'CINTHIA MAGALLY','MORENO','ESPINOSA','lic.cinthiamoreno@gmail.com','CMME','6f6bc71755a1bf2608b4889f41e05c1b480b3ea79e53dad6add6bbcc610a79ba8486a466a42c9dfa12fcb1ba5335b1ec','19545',32,'http://declaraciones/auth/MzItMzJkYWRtJiUtMy00',1,0),(34,'CARLOS IVAN','LOPEZ','RAMOS','ivan5000@hotmail.es','CILR','3863265f7ad624930842bd821c36d38b8780a128284516db87cdf71b9d89d885997ef7b2894e61b7da8c48edb4d38009','72407',33,'http://declaraciones/auth/MzMtMzNkYWRtJiUtMy00',1,0),(35,'MIXAEL','TOLEDO','PIMENTEL','mixael19@hotmail.com','MTP','dc77b8385dc7107df0384b5b85d41c0ce3b3b0b12684c83c6b91f46e93b6d4db84791af9bd4fae942af5e54fa43cd30b','21686',34,'http://declaraciones/auth/MzQtMzRkYWRtJiUtMy00',1,0),(36,'MARIA MAGDALENA','AGUILAR','ARVIZU','malena_0430@hotmail.com','MMAA','7b4f6af50a43c7c42e6e613e97bb7946c061a5c3e90157316558573f1a61222cd08c2923a0fe0a21e9c1dcb9b2a11894','35',35,'http://declaraciones/auth/MzUtMzVkYWRtJiUtMy00',1,1),(37,'ELSSIE IVONNE','PALACIOS','ROQUE','ivonne_palac@hotmail.com','EIPR','3a636cb2af14cedd65f78a051a132a3e21fbbee35b822ab06ddbbfe989671b7f5d3cfd7b5076922f99d1a29c9b11c148','25872',36,'http://declaraciones/auth/MzYtMzZkYWRtJiUtMy00',1,0),(39,'JULISSA','GOMEZ','PALACIOS','julissa_palacios@outlook.es','JGP','9de2219a24dccff67b04acc7a3ac952da34d94bc0a0ded86227870c3fe515e29d674b188e62656b8541c6d41741fbff1','38',38,'http://declaraciones/auth/MzgtMzhkYWRtJiUtMy00',1,1),(42,'PAOLA KARINA','MORALES','PADILLA','morpadilla_live@hotmail.com','PKMP','b92b9ac47d18361aae9eb45f49cdb3599d031489ad191abc98941f36826c4c1ea8c7aca0ac94b00905ab345e9fed2e02','73037',41,'http://declaraciones/auth/NDEtNDFkYWRtJiUtMy00',1,0),(44,'JOSE EUSTAQUIO','GOMEZ','TRUJILLO','jgomezocvpalenque@gmail.com','JEGT','b6ecb58f85563866d48a9d86c95dff581d67f097bd3919ac0c8551896005b83455c0dc173628a71bacb3e431ae30b4bf','52390',43,'http://declaraciones/auth/NDMtNDNkYWRtJiUtMy00',1,0),(45,'NANCY CAROLINA','GOMEZ','LOPEZ','nancycarolina50@gmail.com','NCGL','967e576c4918e59695e34ed49f856acdc942a40a746f6e6293965692372545c50fda15db5109faf1d97a353e672f4656','26817',44,'http://declaraciones/auth/NDQtNDRkYWRtJiUtMy00',1,0),(46,'ALVARO ENRIQUE','ESTRADA','DICHI','alvaroestrada73@hotmail.com','AEED','915a67ab8ce8da9dceb9dac69b35f93a960c380513614b3a685400164ca07f42d9e76f096327b724827e1c8e78454f32','49771',45,'http://declaraciones/auth/NDUtNDVkYWRtJiUtMy00',1,0),(47,'FERNANDO','CASTELLANOS','COUTIÑO','castellanoscf@gmail.com','FCC','52ec939d714e7ad2df025dc9604544a61cc5cd863f8974e05fae39fbc527d5f2cd40e7840ad9928c2cee5c4065023f8c','46',46,'http://declaraciones/auth/NDYtNDZkYWRtJiUtMy00',1,1),(48,'TAIRI DE JESUS','CHACON','SOLANO','thamifrut@hotmail.com','TJCS','539d8d4f70e089e7e4de4947259f599931aee361648934328e7edcbc0e402bca9ed1d456751ee0cfdf036dc5751556ea','82951',47,'http://declaraciones/auth/NDctNDdkYWRtJiUtMy00',1,0),(49,'MARCO ANTONIO','SARMIENTO','GALLEGOS','sargama1@gmail.com','MASG','52028c9b9375f6281eb7becbdc44ab94eb6b78462ee945d936e22a67c5f30611b0a4649413c8cc6fbbd7c3f2b07720fa','90355',48,'http://declaraciones/auth/NDgtNDhkYWRtJiUtMy00',1,0),(50,'JORGE DANIEL','LOPEZ','GONZALEZ','dan.gonzalez123@hotmail.com','JDLG','5bc85cf5bcb332d894797b358b7e2c2765996812cf4bf158fedd0c48308e7f10b272032585dbbd7fce361bb069a409a9','49',49,'http://declaraciones/auth/NDktNDlkYWRtJiUtMy00',1,1),(51,'PEDRO ANDRES','CHAVEZ','ZAMORA','pzamora9550@gmail.com','PACZ','3c50df0c1eb4011ddaf67ee112002419380f7725b516de414baf11d8ddbcee40aa2e476674ea28df282caae93dfcc4d2','50',50,'http://declaraciones/auth/NTAtNTBkYWRtJiUtMy00',1,1),(52,'LUIS ENRIQUE','ALVAREZ','GONZALEZ','luenalgo@gmail.com','LEAG','118240b2bddb2018e0aac0a3bfeab557e57cbe206e151969cc03ff915d7047a163352512a66519c09e162b4b5520f6dc','83509',51,'http://declaraciones/auth/NTEtNTFkYWRtJiUtMy00',1,0),(53,'VICENTE DE JESUS','DE LA ROSA','OZUNA','vicente_ozuna94@hotmail.com','VJRO','fa8e8ec1922f36f8d1d6d2907d737e7f749f6d0c7f9d9a38c3c48ebc1321bf15112587b0dccaf3b81033bcc168615493','52',52,'http://declaraciones/auth/NTItNTJkYWRtJiUtMy00',1,1),(64,'IVAN','AGUILERA','HERNANDEZ','ivan131280@hotmail.com','IAH','8607e3583ffcc1a4bb59901dd8d42e7e5476bb80d92cdcdf0456a1a24095b2d2b57651264c3c2830912bee1a01f2a67e','48482',63,'http://declaraciones/auth/NjMtNjNkYWRtJiUtMy00',1,0),(67,'CINTHYA','OVANDO','GALVEZ','cinthyaovandog@gmail.com','COG','665132d2e7b74099d07f1de11a51bbdd02f35fd005649b601a6eabd5156cc251f88f5600e927f936f12148fe84d893c4','66',66,'http://declaraciones/auth/NjYtNjZkYWRtJiUtMy00',1,1),(69,'PAOLA','SANCHEZ','RIVERA','girlpao1207@gmail.com','PSR','a326f942d7dfd442f227f2753af1fab01a462d83371eb94d1b7b06d18b773960a9639b7d1d1a9e60cf3b3aeff6ba045b','66043',68,'http://declaraciones/auth/NjgtNjhkYWRtJiUtMy00',1,0),(71,'HUGO ENRIQUE','CAMACHO','GUTIERREZ','henry_cmc_gtz@hotmail.com','HECG','5a1b355678fe7f53f1046debf52701b0a2d733dd91c62120d7daef20a3edf0d456bdc4f757127b6464a81d8586a591bf','76608',70,'http://declaraciones/auth/NzAtNzBkYWRtJiUtMy00',1,0),(72,'ELODIA DEL CARMEN','RAMIREZ','Y ESCOBEDO','raee_72@hotmail.com','ECRE','fa2ff860039cfedd7d4a0c56e48559a754fd948f6eeb72eecc27814e8002aadfd1d1596bbe5d428e4b858eb770db5440','83331',71,'http://declaraciones/auth/NzEtNzFkYWRtJiUtMy00',1,0),(73,'MONICA DE JESUS','TREJO','VELAZQUEZ','raee_72@hotmail.com','MJTV','05678e61f180c9436f1ad23fdcc5c686640fe40d4e55b87bfe61b65bf5bb71428806108421b031a89c4587c89e3c8e43','42073',72,'http://declaraciones/auth/NzItNzJkYWRtJiUtMy00',1,0),(74,'GUILLERMO IVAN','GALDAMEZ','TOLEDO','guillermo.ivan.79@gmail.com','GIGT','39d53fd5fb6e5e7c6dd878e04ba461de9d8b5ab2cbb82418b59a979add35ff1533cb3e864e40b4a46517d78490f34ea3','75205',73,'http://declaraciones/auth/NzMtNzNkYWRtJiUtMy00',1,0),(75,'FABIOLA','SIMUTA','SANDOVAL','fabi_04-@hotmail.com','FSS','d86fed8a65d8b36090fe33dd5041fd81cf36ee27a8a4a0e0155451ad70758ac22492d575046d0ace503cfad788d677c2','80981',74,'http://declaraciones/auth/NzQtNzRkYWRtJiUtMy00',1,0),(76,'FABIOLA','ANTON','ZORRILLA','fanz2109@hotmail.com','FAZ','c2e68edeb0aa3a329dfb046826df50cf7823b904b75471a512f7f89a276e23122d574b099d8db59f62f3be42d7d002f4','56677',75,'http://declaraciones/auth/NzUtNzVkYWRtJiUtMy00',1,0),(77,'SERGIO ALEJANDRO','BALLINAS','ZEPEDA','serballinas175@hotmail.com','SABZ','6e274da36d95f8dd5ac2c2fef797b92ce88ffaf0e1214752833af2c5a5eea3b25e4e6757ad815ec1dd8e281b5a5e9400','53967',76,'http://declaraciones/auth/NzYtNzZkYWRtJiUtMy00',1,0),(79,'LISANDRO ARTURO','CERVANTES','GONZALEZ','lacergz@hotmail.com','LACG','13071ace83926dc72b4772af8a8cda0d3df052f6e05b1d5fd403076f19adcb6f7dfbcb0e11d6010b3d132b0418ace552','73925',78,'http://declaraciones/auth/NzgtNzhkYWRtJiUtMy00',1,0),(80,'TANIA SOFIA','SANCHEZ','GOMEZ','taniasofia.work@gmail.com','TSSG','8ac3259dda44018766e379ef537cc044cb81c6aae1e2b8efc8dcb99522571fed7b4b9d4525c5e0c145a1e642b4dd898c','32787',79,'http://declaraciones/auth/NzktNzlkYWRtJiUtMy00',1,0),(81,'ELMAR MARIO','GUIRAO','MALDONADO','','EMGM','224070a74b55479e8798f65291a0d342da8bd3e4c5b38cc30d116523c5daa40245e7f635a216a366b10daff4ab188ef0','71082',80,'http://declaraciones/auth/ODAtODBkYWRtJiUtMy00',1,0),(82,'MARIA TERESA','GUTIERREZ','VAZQUEZ','marytere_78@hotmail.com','MTGV','a033015d735cbed9ade7e6bd7ae8f09d138e67a4767367dc41558c8681919b89c43b64e285d470d954fdf20e4881e5b3','36259',81,'http://declaraciones/auth/ODEtODFkYWRtJiUtMy00',1,0),(83,'VICTOR MARCELO','RUIZ','REYNA','vruiz1974@gmail.com','VMRR','2e6eeccb2b8fe6a3bcf12665d12a562da52678ccab442620ef95a1cef3ac2cff972ace05e3804a0233422a186af85378','34120',82,'http://declaraciones/auth/ODItODJkYWRtJiUtMy00',1,0),(84,'MARTHA LORENA','CIGARROA','MATIAS','mar_lore91@hotmail.com','MLCM','767e1ce3db1dcbb955a8f2ebe8acb4b2a62493236c3dacc414badbe40c3bd69aebf7d61c342b50fd33b29ccb7a00cc62','86896',83,'http://declaraciones/auth/ODMtODNkYWRtJiUtMy00',1,0),(85,'PAULINA','GARCIA','LOPEZ','sobadillo98@gmail.com','PGL','1f73a78ef1f1625c18e95cfb6c526183d14c1cabc56e0f88a4e8aa1e694204b035e6b1d1b2e39d374eadc76c525ff28c','89115',84,'http://declaraciones/auth/ODQtODRkYWRtJiUtMy00',1,0),(86,'ALEJANDRO','GONZALEZ','RUIZ','ale.asistenciajuridica@gmail.com','AGR','91d3f4aa2d64584e6fa739240444a55cbd94f4a60a278906b04d0e83754c3a2b1b7da97e0a7144058a484df7f1686b1c','35537',85,'http://declaraciones/auth/ODUtODVkYWRtJiUtMy00',1,0),(87,'JUAN DIEGO','DIAZ','MORENO','diego_tkd@live.com.mx','JDDM','e1b943c33062d122161671c48a4f3d0dab4b8ac7c94fa8bb9f2c5fcff6f01e5436bec7d6daae276bc5c7dcf2fd5d224e','55645',86,'http://declaraciones/auth/ODYtODZkYWRtJiUtMy00',1,0),(88,'HUMBERTO','ZEBADUA','CHAVARRIA','audabezlawyer@hotmail.com','HZC','3b9dee7181170c41df06164cf8ec73d4bdd2d3af3a5a1213497d4f1f7bfcda898274fe9cb5401bbc0190885664708fc2','45855',87,'http://declaraciones/auth/ODctODdkYWRtJiUtMy00',1,0),(89,'CRISTY ANAHI','GUTIERREZ','VAZQUEZ','anahigutierrezv@hotmail.com','CAGV','7744fc09507049ad734094caa82767738c2af4667055241bb872da589429cf5a01133af309b4f2dc85ba5bf11ce365a2','88059',88,'http://declaraciones/auth/ODgtODhkYWRtJiUtMy00',1,0),(90,'GERARDO','DIAZ','ZEPEDA','gezep8@gmail.com','GDZ','31187b6d3f63c6ed3ce64ffddb7c6e5e810048c4db693dd0fabebd0382c01554e77431896c833bcda347bcff188d5892','94701',89,'http://declaraciones/auth/ODktODlkYWRtJiUtMy00',1,0),(91,'ENRIQUE','HERNANDEZ','VICTORIO','enrhervi@gmail.com','EHV','f16cbc3b3be4a8a4c6a88d485a6f4b9d0b415355f70a6d2adfdb8d20dbfb6e5d8c554e00e00afcdc28af038ab61ae5da','37219',90,'http://declaraciones/auth/OTAtOTBkYWRtJiUtMy00',1,0),(92,'JESUS BERNARDO','NAJERA','VAZQUEZ','jeuspumas@hotmail.com','JBNV','48d28aaf244ee21719818fafb34ef0c2e041333f267468d487bfea337914d1c49c8fcb98567ae8cb4a0782311ba377d2','93413',91,'http://declaraciones/auth/OTEtOTFkYWRtJiUtMy00',1,0),(97,'JOSE ALBERTO','AGUILAR','HERNANDEZ','colochcotz7@gmail.com','JAAH','30364ca252155486f1bcdcacb8097c359cdac17f509139db978c3331cb145653226a2fb4d61d72c2bbc878e40e1728e2','92559',96,'http://declaraciones/auth/OTYtOTZkYWRtJiUtMy00',1,0),(99,'ROMULO HUMBERTO','MORALES','CASTRO','rhmc1972@hotmail.com','RHMC','c505eda15d393c84f94c21cc7ffaedccb099bd69be1bd2b46e26851f35655d0561037fafe99aa53909668fc387dcca8c','45076',98,'http://declaraciones/auth/OTgtOThkYWRtJiUtMy00',1,0),(100,'JOSUE','CASTILLO','MELCHOR','joscasmel@gmail.com','JCM','5223919a0f0b65206497e674cdc46b287d6ff1297b47cb07b7187390f9b3164af66168178745617c019aa03e0350629d','22733',99,'http://declaraciones/auth/OTktOTlkYWRtJiUtMy00',1,0),(101,'YLIANA','CAMACHO','SALINAS','ylicasa77@hotmail.com','YCS','b48565785ce9c60fa929e72ecce313f6927ea62306656dc1a362887c5ba8971929b1a540f9e170db40d28d2fc4a40375','24003',100,'http://declaraciones/auth/MTAwLTEwMGRhZG0mJS0zLTQ=',1,0),(102,'OSCAR MARIO','ORANTES','COUTIÑO','oscarmorantes10@hotmail.com','OMOC','0b0832bd10788010bb47d771a6dbd13588917a6bd528110b073f25df0cabd4c75a175789b90074be7557f75a869885a6','51755',101,'http://declaraciones/auth/MTAxLTEwMWRhZG0mJS0zLTQ=',1,0),(103,'LUIS ARTURO','JUAREZ','ZEBADUA','arturo_zebadua@hotmail.com','LAJZ','fce656ab123a4d72170dfb64381b0cc4f052a418cfa95aa2b929d00105340e23f26f1c5dc010a41c02b84b35da68c8a0','12656',102,'http://declaraciones/auth/MTAyLTEwMmRhZG0mJS0zLTQ=',1,0),(104,'ISIS GUADALUPE','PALACIOS','ESPINOSA','isispalacios70@hotmail.com','IGPE','e4e85eb8f32d8d70d413441f5fb37f7b50f92c27825d59836b20fdff4e2a36c71d475aea808dfbc9d0276f2543c4f4f5','83460',103,'http://declaraciones/auth/MTAzLTEwM2RhZG0mJS0zLTQ=',1,0),(106,'MARIA ELENA','MENDEZ','ESTRADA','malemendez35@gmail.com','MEME','76f561dae9629861fd9ce0664e7ed63dd89d88a45f59cfd72e0a000067f86b6791291608c33ca82d2276bb6b6b6812ab','53719',105,'http://declaraciones/auth/MTA1LTEwNWRhZG0mJS0zLTQ=',1,0),(107,'MARIA DEL LUCERO','HERNANDEZ','SOLIS','lucero_hernandez2018@hotmail.com','MLHS','13aa96d6eb65b55460f215e9a918f5065dab3f723578d9118714119a51345949348e6ba90a02b4c6466409564181fe12','45093',106,'http://declaraciones/auth/MTA2LTEwNmRhZG0mJS0zLTQ=',1,0),(108,'BIAMAR','REYES','LOPEZ','bireloz80@gmail.com','BRL','af75013cc2aab7e55b0f9d7e8748d9319348f797927f35debc622f0e02b0646365da788b6945c4b982f2ba542faae988','77474',107,'http://declaraciones/auth/MTA3LTEwN2RhZG0mJS0zLTQ=',1,0),(109,'JUAN CARLOS','PRADO','ALVARADO','jpradoalvarado0@gmail.com','JCPA','aba92ccc4f29a3bc5bf42442402663f339a4f1a4f75d0cfca152b5064474e95ada47f2c841f44897ace2a221ad0e1b3a','108',108,'http://declaraciones/auth/MTA4LTEwOGRhZG0mJS0zLTQ=',1,1),(110,'NAYRA GUADALUPE','PEREZ','HERNANDEZ','aryang86@hotmail.com','NGPH','5f89bc5076707399cebbe7ea16534bd8faf78621cb158ff674b512f81c096e39d9d3e425504e1c245e83ec08d035e303','83900',109,'http://declaraciones/auth/MTA5LTEwOWRhZG0mJS0zLTQ=',1,0),(111,'ANA SILVIA','SANTIAGO','GORDILLO','anasilviasantiago@hotmail.com','ASSG','5adbe3b7e7cc94ad141b2bcfe718f1fa681e419653773479150d655988512ef740d072c0dd806c5f4d98653e2d129460','36498',110,'http://declaraciones/auth/MTEwLTExMGRhZG0mJS0zLTQ=',1,0),(112,'MIRIA','MANCILLAS','OCAÑA','millymanc@gmail.com.mx','MMO','af4d45dd9f73389438fe4565deb0475dec1521b2895b70a39ee4352de1cfd1d3419a705e723d3e0e199a34a149ea23b5','69021',111,'http://declaraciones/auth/MTExLTExMWRhZG0mJS0zLTQ=',1,0),(116,'PASCUAL','CHIUNTI','TREJO','pas-cual@hotmail.com','PCT','afbafb2531210cfb5673950f004cc9226042a5379c516b62bc77bc192897b89cfcb221021b2157f8f8bc968885b80f37','54695',115,'http://declaraciones/auth/MTE1LTExNWRhZG0mJS0zLTQ=',1,0),(117,'DIANA LAURA','VELASCO','VIDAL','laura.vidaal@hotmail.com','DLVV','83ca335f9f16e019d48d0102cc1296b0048ae427bb8ba601dcd5e543146af9a3797184598b9214b2e8ca0fef08e9a8fa','30448',116,'http://declaraciones/auth/MTE2LTExNmRhZG0mJS0zLTQ=',1,0),(119,'MARIA DEL ROSARIO','AVENDAÑO','PEREZ','marosaven@hotmail.com','MRAP','243fc599255d7d0c2ab7023ee44e244d38885af48dc520b283203af3fb274f167ca04608e96d21a689a2373c5cc1562e','16821',118,'http://declaraciones/auth/MTE4LTExOGRhZG0mJS0zLTQ=',1,0),(120,'FELIPE DE JESUS','RIOS','GOMEZ','felipergomez97@gmail.com','FJRG','21adeb2d95e97392b17bfba869f2f25450b1407f976bfbf1b211966ca8a25b75308e06ccef34f83ca824866a2c04113f','14754',119,'http://declaraciones/auth/MTE5LTExOWRhZG0mJS0zLTQ=',1,0),(121,'JOSE LIN','VAZQUEZ','SOL','joselinvazquezsol@gmail.com','JLVS','91b5fc3b4318250ca69df9cbaacbc51b5f08fa8f11c6bf7808029d37a63ca0a0b8fa6243df657d8b827542b45dddd92c','73428',120,'http://declaraciones/auth/MTIwLTEyMGRhZG0mJS0zLTQ=',1,0),(122,'ROCIO','ROBLES','RIOS','pedroazamora@gmail.com','RRR','635f0b7231cccfbdff0a9f82a18b7cca26c84cec13e6e9b75df9d9c9850832fbc31b37df21a84ef755af0eae53b680aa','121',121,'http://declaraciones/auth/MTIxLTEyMWRhZG0mJS0zLTQ=',1,1),(124,'ALMA LILIA','HERNANDEZ','JUAREZ','almaliliax1011@gmail.com','ALHJ','888ee9a4b8650d409686fb89ce47e584ff6c59c955a6bc3a39227d82a98b6a773b7ce650f866c9868c87bfe3836c0d6d','36100',123,'http://declaraciones/auth/MTIzLTEyM2RhZG0mJS0zLTQ=',1,0),(125,'REYES WANDERLEY','COUOH','VAZQUEZ','wanderleycv@hotmail.com','RWCV','2fa77bdd0057de8840293811c12a31c220c7e077947629cd3da5e8535c1efe973e366b44eb97e0b578834de23ba22542','78537',124,'http://declaraciones/auth/MTI0LTEyNGRhZG0mJS0zLTQ=',1,0),(126,'MELISSA LUCERO','ABREU','LOPEZ','abreumelis@hotmail.com','MLAL','164222a09562afd6f82167b5eb1ff092dcb6789056ef340c2e2d12a46e4e09b5b0094d7339e87aa7ac3699d7a68ea159','125',125,'http://declaraciones/auth/MTI1LTEyNWRhZG0mJS0zLTQ=',1,1),(127,'OSCAR EDUARDO','TREJO','CRUZ','otrejo2112@gmail.com','OETC','3589b986d0147b9e5a35439aff33c042086167bee7348ac287af821fcb398e853085615943a684fd3f0048a0fb740b60','61971',126,'http://declaraciones/auth/MTI2LTEyNmRhZG0mJS0zLTQ=',1,0),(128,'ALDO','ESTRADA','NURICUMBO','dragonn117@hotmail.com','AEN','5756c32f15a3fc132dccc92f423053e49c145f5462886cbe2558279618eb0443839a1eb9e06c7e87c53161ae8f83fe5a','12739',127,'http://declaraciones/auth/MTI3LTEyN2RhZG0mJS0zLTQ=',1,0),(129,'ANGEL GABRIEL','COBAXIN','RAMOS','acobax@gmail.com','AGCR','4f24c07c3f8ca6477c31a7ecacee7d5c414482ce207f78b1fd339e2278beb92cee6ca403a78a08b340c2d4f8ab5c6f73','35162',128,'http://declaraciones/auth/MTI4LTEyOGRhZG0mJS0zLTQ=',1,0),(130,'JOSE ANGEL','LOPEZ','RODRIGUEZ','jalr7411@hotmail.com','JALR','aa39abb98e086fabd7b6b025e34b867ea58b0dcdc350824570333a686cbb9e60e898dcc65e6bcd125ac721d095499780','129',129,'http://declaraciones/auth/MTI5LTEyOWRhZG0mJS0zLTQ=',1,1),(131,'YESICA','CAL Y MAYOR','MARTINEZ','calymayo@gmail.com','YCM','b057e8d2e966a17a694da360c28c42718f4d8cab3ceb5dab4168ade6c59a077bcfd124789dcb5e9925149a0a89f52663','130',130,'http://declaraciones/auth/MTMwLTEzMGRhZG0mJS0zLTQ=',1,1),(132,'ANA KAREN','GONZALEZ','RAMOS','ana.karen.gora@hotmail.com','AKGR','4aa7ac416a6aae142d56c246ca0a32cf999043e3450f38a44a698dba61f72ba3e3ba668260bfb10c0788e9568e64f490','45881',131,'http://declaraciones/auth/MTMxLTEzMWRhZG0mJS0zLTQ=',1,0),(133,'ANA PAOLA','GRAJALES','GUZMAN','paolagrajales64@gmail.com','APGG','ff13fbd1f9375eb2d3d96a2bcfda33a627c2835e4a968f39dcbc12ecfa0b4e2a41ef399420c5d60cfe42d64700ab7359','29839',132,'http://declaraciones/auth/MTMyLTEzMmRhZG0mJS0zLTQ=',1,0),(134,'DIEGO RUBEN','MENDEZ','FLORES','diego_mendezflores@hotmail.com','DRMF','de459db7bf18b20a115f399642173ae97278bb61c2c50d2ddf970cabe802678d2eb9eb866e667687fcfc528e619d44b3','59997',133,'http://declaraciones/auth/MTMzLTEzM2RhZG0mJS0zLTQ=',1,0),(135,'FRANCISCO JAVIER','GARCIA','ALVAREZ','pacogarcia74@hotmail.com','FJGA','b657e55bd75ddf5779b71d746bf4fc63b4735e3493b68c8149e4781c1403c6d662f8058ca7a4a49878efa49bb92def09','134',134,'http://declaraciones/auth/MTM0LTEzNGRhZG0mJS0zLTQ=',1,1),(136,'LUCYTANIA','VALENCIA','ALBORES','lucytaniavalencia@gmail.com','LVA','cea4ab4dbcfc104410eb15a9314efad1006ef7b5e4e7c107a069f0e2f1cde82400400542a50eeb4ce32b2c6c003ae70e','51598',135,'http://declaraciones/auth/MTM1LTEzNWRhZG0mJS0zLTQ=',1,0),(137,'HELEN DEL ROSARIO','DIAZ','LOPEZ','helenalexia20@gmail.com','HRDL','4aec11fa79cd22ff9d0260a2c822cf276ac75cc21592a19346ab45b411122495e03c6e7f9c5635a655cc2503a8bd1f6f','33900',136,'http://declaraciones/auth/MTM2LTEzNmRhZG0mJS0zLTQ=',1,0),(138,'YULISSA JOUSSETH','DIAZ','CHIU','yuz.chiu@hotmail.com','YJDC','bb0d1de9932e8868f374dfe1470c56804dccac541e3a127c4814be347951214e1cbac80813d95da19be2127855e3dc52','72601',137,'http://declaraciones/auth/MTM3LTEzN2RhZG0mJS0zLTQ=',1,0),(139,'ANA LAURA','GOMEZ','NATAREN','anita17_1995@hotmail.com','ALGN','5c3c4956537b8180dd34f2403ac37de22d9c7fa99e3cebcc9c0f0267ddd17e714b92bfbcc531681572365848da5f0350','138',138,'http://declaraciones/auth/MTM4LTEzOGRhZG0mJS0zLTQ=',1,1),(140,'MAURICIO','DOMINGUEZ','SOLIS','mau_dguez@hotmail.com','MDS','e3de0750d8c1170d553cb335e719a5ff60154c854b442588e0ef7e23ca79e3da4e2534ec3fe407cde041b556fb31cc8d','139',139,'http://declaraciones/auth/MTM5LTEzOWRhZG0mJS0zLTQ=',1,1),(141,'SARA ELENA','ZAPATA','MARROQUIN','saraelenazm29@gmail.com','SEZM','aeac1e847dc74f1998a7b80d30ec0337b8a1c46c977a9e390b628dabd1b6ac0a70fb735bc04c0a66339ab50d3b4f1d35','140',140,'http://declaraciones/auth/MTQwLTE0MGRhZG0mJS0zLTQ=',1,1),(142,'ARIANA GEORGILLHET','ARREOLA','CARRASCO','liam-mia1020@outlook.com','AGAC','8caab9687e0c3ed7f6628a6bb7c0b783f609a7480e5291787043a53f4399d9da13551453fadcc7ab972746c73c2f52ce','141',141,'http://declaraciones/auth/MTQxLTE0MWRhZG0mJS0zLTQ=',1,1),(143,'JOSE ALEJANDRO','CASTELLANOS','SANCHEZ','jose_alejandro82@hotmail.com','JACS','c9e9580605ca7dafaf745eb1002da4220658595a58e4aff4e23416df79e400aab8fd62723ddc1779a4617158320bf228','86409',142,'http://declaraciones/auth/MTQyLTE0MmRhZG0mJS0zLTQ=',1,0),(144,'KIARA NOELIA','MARTINEZ','RAMIREZ','kiarammttzz@gmail.com','KNMR','15b54154219707a81330449d84f9d8ee702447843761fb41382b5432ff4c2104713a645db266ecb6c5919a410fbae7d7','143',143,'http://declaraciones/auth/MTQzLTE0M2RhZG0mJS0zLTQ=',1,1),(145,'JONATHAN DE JESUS','PECHA','TOALA','pechatoalajonathan@gmail.com','JJPT','dcbaf95a982ff686a1dff346f4f79faf7e879938eba7db27eb09582cd8739fb7b8d4556e559ff7e013d4d4b9aa920a1f','37979',144,'http://declaraciones/auth/MTQ0LTE0NGRhZG0mJS0zLTQ=',1,0),(146,'BRIANDA','BURGUETE','FLORES','brianda_burflo@hotmail.com','BBF','62001cba12bf7efc4b0e6419ae06b8a1f8fbdc6b31cb30bbe517ec502cfe55cea69a8e1f052cf5d7d84cc6f018983371','145',145,'http://declaraciones/auth/MTQ1LTE0NWRhZG0mJS0zLTQ=',1,1),(147,'NANCY LORENA','DOMINGUEZ','AGUILAR','pinkilulla@hotmail.com','NLDA','cba14763d39d2259a6ee3df273cf5d395dd7c7fd8d912c4e4e55e667bbdc3c8ce693a6a26fd3a61474b144988b2d9be8','10679',146,'http://declaraciones/auth/MTQ2LTE0NmRhZG0mJS0zLTQ=',1,0),(148,'EDUARDO','ACOSTA','GORDILLO','eag_2130@hotmail.com','EAG','21bf0a946922028bdd11028a0869dc1964942bb782c21eeb6d0a12184ab3dc8fcb438b4d5c6fd5ff9cc75ce4dbe2c7a1','147',147,'http://declaraciones/auth/MTQ3LTE0N2RhZG0mJS0zLTQ=',1,1),(149,'VERONICA','DIAZ','MOLINA','veronicadiazmolina0@gmail.com','VDM','b9844130c8fc06ab328c5e19ecb95f41a408a23ddde80c2dcafb25fdba5aff699200060c3a53452b27599454bca1edd3','13171',148,'http://declaraciones/auth/MTQ4LTE0OGRhZG0mJS0zLTQ=',1,0),(150,'JOSE MARIA','ROSALES','GUTIERREZ','rosalesgutierrezjosemaria@gmail.com','JMRG','5e668df6335f786daa1dd730df3cd05ccf3ac289f1dc2420043906cb1876620f8c0012240bd7f16d07ba772659dedde9','95963',149,'http://declaraciones/auth/MTQ5LTE0OWRhZG0mJS0zLTQ=',1,0),(151,'WILLIAM EZEQUIEL','GOMEZ','GOMEZ','williamgog0212@gmail.com','WEGG','daab786e91cf444b03c2b41226accf41695fae2ae788435e89d4dbb601c79b9ee3ae8e214b431c80cf94e7639f0c089f','56505',150,'http://declaraciones/auth/MTUwLTE1MGRhZG0mJS0zLTQ=',1,0),(152,'MANUELA','CASTILLEJOS','MARTINEZ','manuela.casmar21@gmail.com','MCM','9c17176a9984e07d94699c6ee53d85e27ee25a4f2d6d6a6aed9328d9abcbb04e08c8d89e46ba7a4988de03cd9a2af0fb','38254',151,'http://declaraciones/auth/MTUxLTE1MWRhZG0mJS0zLTQ=',1,0),(153,'JOSE FRANCISCO','GORDILLO','CARRASCO','j.gordillo.carrasco@hotmail.com','JFGC','61e656d33b5f82520c7d2cd34cb94daf5dab495a5868272a2a96eb0579d23a3a8aec1e673c2fdea6d36466a573b4096a','152',152,'http://declaraciones/auth/MTUyLTE1MmRhZG0mJS0zLTQ=',1,1),(154,'ANAZASI','GARCIA','VALDIVIEZO','ani.gaval17@gmail.com','AGV','dea273d2f03b92a92bc742e6015b2bef73e9feaaba617b8b8207a1584a817744c7edb017df24f26e8269ad9410acd2f1','153',153,'http://declaraciones/auth/MTUzLTE1M2RhZG0mJS0zLTQ=',1,1),(155,'ESTEFANIA','AZMITIA','ZEBADUA','eazebadua@gmail.com','EAZ','f3c64312c04585e494c690ee3bab07bbcd4d36bd87116bbcf3280d9d67ea2866320dd99c67141fbe5145370c4cba4dcf','43208',154,'http://declaraciones/auth/MTU0LTE1NGRhZG0mJS0zLTQ=',1,0),(156,'FRANCISCO','JIMENEZ','MOLINA','franc.710@hotmail.com','FJM','b8fc8a489fbf815aa920968b0898ebc86ae1c0f1372f5982d4939acb00393339abd8a83286f90cf1ded36350bcc687a3','20533',155,'http://declaraciones/auth/MTU1LTE1NWRhZG0mJS0zLTQ=',1,0),(157,'CHRISTIAN GUADALUPE','ESCOBAR','JIMENEZ','chris_0192@hotmail.com','CGEJ','0bc3a1e8404ac356dd4f3309574b0394a69b67b7e50f8c37be585f3bc6dfbdda18087194f6eff7ccb4ba756437f9d18b','37051',156,'http://declaraciones/auth/MTU2LTE1NmRhZG0mJS0zLTQ=',1,0),(158,'GRETA JAZMIN','NUÑEZ','HERNANDEZ','gretajazmin@live.com.mx','GJNH','1b51caf4b91018df0696d1844e744e44a5ab2b4bccb2b23b0149fd45518e5364ed2827f471eb4d1daf15db04b33a68e1','90893',157,'http://declaraciones/auth/MTU3LTE1N2RhZG0mJS0zLTQ=',1,0),(159,'MIRIAN LISSETT','TRUJILLO','RAMOS','mirianlissett@hotmail.com','MLTR','33fc04dd670a2aa090fdc3d333e988442362f6278ddefc1ef6a96f987b7726fb731658bbb786eb012292ef3bd2627c19','79314',158,'http://declaraciones/auth/MTU4LTE1OGRhZG0mJS0zLTQ=',1,0),(160,'LILIANA LIZETH','GONZALEZ','AGUILAR','liliana1024gonzalez@gmail.com','LLGA','6c23d0130d42f9a0717f012d4306accddcb7c53d8f082c833ec275d2995c627180e720ee740909e54d32c9dc1b9dd855','68384',159,'http://declaraciones/auth/MTU5LTE1OWRhZG0mJS0zLTQ=',1,0),(161,'CRISOGONO','ZAVALA','ARIAS','crisza7@hotmail.com','CZA','0242f0ec9e63410322a85a22f0db36ef2b7f6436b294d6e2633a501a0d556ccaeb6373917a9a8264c20a747d3004e160','160',160,'http://declaraciones/auth/MTYwLTE2MGRhZG0mJS0zLTQ=',1,1),(162,'JOAN','MENDEZ','PINEDA','joan_mp06@hotmail.com','JMP','8cb526d7a10e234e108b04092042711d38aecaca290495c29b60939e9d7b3b0647fb730cb0a6c52f67cc1c52b70b0525','37713',161,'http://declaraciones/auth/MTYxLTE2MWRhZG0mJS0zLTQ=',1,0),(163,'CARLOS MIGUEL','MARTINEZ','CASTAÑON','carlosmmc6@gmail.com','CMMC','6da22dd1953ecc8f6bae8bc02f61d8e854f042f18aad39dd5800653037e20f1fd9dafe71241d0b1d4a9c8fff8b396621','35173',162,'http://declaraciones/auth/MTYyLTE2MmRhZG0mJS0zLTQ=',1,0),(164,'LORENA FABIOLA','SANCHEZ','LOPEZ','lore_09@hotmail.com','LFSL','3b11809b7a56d5e6657bc7f5c46ecee9a08fdd4e63f492cc7fbb8cd1c7721942383d21c8773fde0e9e160fa92a68fc5c','65473',163,'http://declaraciones/auth/MTYzLTE2M2RhZG0mJS0zLTQ=',1,0),(165,'GERARDO','CASTELLANOS','CASTELLANOS','gerardkastkast@gmail.com','GCC','8d4ea4601f0bf0d4105a104b66e9e850f9ac067dc6e693296b88108e91c0c913809296e5b90c7d8cf5cff65b45587f25','93832',164,'http://declaraciones/auth/MTY0LTE2NGRhZG0mJS0zLTQ=',1,0),(166,'INFORMATICA','TEST','TES','informatica@tachiapas.gob.mx','ITT','8c0fb2cbd9c4232f775f2e98e7b7d8837cf85ae28ab2598da7e786bd0cc281efb6f4d9f744faec5f683f3da9f2a70337','0',0,NULL,1,1),(167,'NOHEMI GUADALUPE','NUÑEZ','ROBLES','noheminr13@gmail.com','NGNR','fa9e7ca032d58f13b9f419894eb14430aca0711132bef3e69cdfc3f4d96580a4bb1ae7ec057b718dd5cbe5b3ddb02c78','78450',166,'http://declaraciones/auth/MTY2LTE2NmRhZG0mJS0zLTQ=',1,0),(168,'KATHIA DANIELA','PEREZ','BUCIO','kathiabucio@outlook.com','KDPB','c97554b923ba179644faca68c1c6f522014576e7b14e776ca8bf18ed64fa14e9c80674bf94a9f53be12068515c9bb06d','49962',165,'http://declaraciones/auth/MTY1LTE2NWRhZG0mJS0zLTQ=',1,0),(169,'ALEJANDRO','VASQUEZ','CUEVAS','alejandro_vacu2001@outlook.com','AVC','7c906c6746c69bfab5e574c695749be3ddb2544ecb5c64fbab3aca7c50482b2950b44baaf56b971444e6df67ccabb17e','38322',167,'http://declaraciones/auth/MTY3LTE2N2RhZG0mJS0zLTQ=',1,0),(170,'ONIKA','GONZÁLEZ','VILLANUEVA','oni_k@hotmail.com','OGV','b0f49b60facd3ae1fefd4b065eb6fbcd44cb8a47079bc636feac05dadb0b96ecd04f9c019b327be1f03b6ac7bb12b12a','168',168,'http://declaraciones/auth/MTY4LTE2OGRhZG0mJS0zLTQ=',1,1);

/*Table structure for table `pri_actividad_usuario` */

DROP TABLE IF EXISTS `pri_actividad_usuario`;

CREATE TABLE `pri_actividad_usuario` (
  `id_actividad` int(10) NOT NULL AUTO_INCREMENT,
  `fk_sistema` int(10) DEFAULT NULL,
  `fk_usuario` int(10) DEFAULT NULL,
  `fk_catactividad` int(10) DEFAULT NULL,
  `fecha` date DEFAULT NULL,
  `observaciones` mediumtext COLLATE utf8mb4_spanish2_ci,
  PRIMARY KEY (`id_actividad`)
) ENGINE=InnoDB AUTO_INCREMENT=103 DEFAULT CHARSET=utf8mb4 COLLATE=utf8mb4_spanish2_ci;

/*Data for the table `pri_actividad_usuario` */

insert  into `pri_actividad_usuario`(`id_actividad`,`fk_sistema`,`fk_usuario`,`fk_catactividad`,`fecha`,`observaciones`) values (1,2,1,1,'2024-04-12','hola'),(2,2,1,1,'2024-04-12','$Observaciones'),(3,2,1,1,'2024-04-16','IP: ::1 Usuario Windows: TAPJE-MJ0FSZFK$ Equipo: TAPJE-MJ0FSZFK.servertja.chis'),(4,2,1,1,'2024-04-16','IP: ,  Usuario Windows: TAPJE-MJ0FSZFK$,  Equipo: TAPJE-MJ0FSZFK'),(5,2,1,1,'2024-04-16','IP: ::1,  Usuario Windows: TAPJE-MJ0FSZFK$,  Equipo: TAPJE-MJ0FSZFK.servertja.chis'),(6,2,1,1,'2024-04-16','IP: ::1,  Usuario Windows: TAPJE-MJ0FSZFK$,  Equipo: TAPJE-MJ0FSZFK.servertja.chis'),(7,2,1,1,'2024-04-16','IP: ::1,  Usuario Windows: TAPJE-MJ0FSZFK$,  Equipo: TAPJE-MJ0FSZFK.servertja.chis'),(8,2,1,1,'2024-04-16','IP: ::1,  Usuario Windows: TAPJE-MJ0FSZFK$,  Equipo: TAPJE-MJ0FSZFK.servertja.chis'),(9,2,1,1,'2024-04-16','IP: ::1,  Usuario Windows: TAPJE-MJ0FSZFK$,  Equipo: TAPJE-MJ0FSZFK.servertja.chis'),(10,2,1,1,'2024-04-16','IP: ::1,  Usuario Windows: TAPJE-MJ0FSZFK$,  Equipo: TAPJE-MJ0FSZFK.servertja.chis'),(11,2,1,1,'2024-04-16','IP: ::1,  Usuario Windows: TAPJE-MJ0FSZFK$,  Equipo: TAPJE-MJ0FSZFK.servertja.chis'),(12,2,1,1,'2024-04-16','IP: ::1,  Usuario Windows: TAPJE-MJ0FSZFK$,  Equipo: TAPJE-MJ0FSZFK.servertja.chis'),(13,2,1,1,'2024-04-16','IP: ::1,  Usuario Windows: TAPJE-MJ0FSZFK$,  Equipo: TAPJE-MJ0FSZFK.servertja.chis'),(14,2,1,1,'2024-04-16','IP: ::1,  Usuario Windows: TAPJE-MJ0FSZFK$,  Equipo: TAPJE-MJ0FSZFK.servertja.chis'),(15,2,1,1,'2024-04-16','IP: ::1,  Usuario Windows: TAPJE-MJ0FSZFK$,  Equipo: TAPJE-MJ0FSZFK.servertja.chis'),(16,2,1,1,'2024-04-16','IP: ::1,  Usuario Windows: TAPJE-MJ0FSZFK$,  Equipo: TAPJE-MJ0FSZFK.servertja.chis'),(17,2,1,1,'2024-04-16','IP: ::1,  Usuario Windows: TAPJE-MJ0FSZFK$,  Equipo: TAPJE-MJ0FSZFK.servertja.chis'),(18,2,1,1,'2024-04-16','IP: ::1,  Usuario Windows: TAPJE-MJ0FSZFK$,  Equipo: TAPJE-MJ0FSZFK.servertja.chis'),(19,2,1,1,'2024-04-16','IP: ::1,  Usuario Windows: TAPJE-MJ0FSZFK$,  Equipo: TAPJE-MJ0FSZFK.servertja.chis'),(20,2,1,1,'2024-04-16','IP: ::1,  Usuario Windows: TAPJE-MJ0FSZFK$,  Equipo: TAPJE-MJ0FSZFK.servertja.chis'),(21,2,1,1,'2024-04-16','IP: ::1,  Usuario Windows: TAPJE-MJ0FSZFK$,  Equipo: TAPJE-MJ0FSZFK.servertja.chis'),(22,2,1,1,'2024-04-16','IP: ::1,  Usuario Windows: TAPJE-MJ0FSZFK$,  Equipo: TAPJE-MJ0FSZFK.servertja.chis'),(23,2,1,1,'2024-04-16','IP: ::1,  Usuario Windows: TAPJE-MJ0FSZFK$,  Equipo: TAPJE-MJ0FSZFK.servertja.chis'),(24,2,1,1,'2024-04-16','IP: ::1,  Usuario Windows: TAPJE-MJ0FSZFK$,  Equipo: TAPJE-MJ0FSZFK.servertja.chis'),(25,2,1,1,'2024-04-16','IP: ::1,  Usuario Windows: TAPJE-MJ0FSZFK$,  Equipo: TAPJE-MJ0FSZFK.servertja.chis'),(26,2,1,1,'2024-04-16','IP: ::1,  Usuario Windows: TAPJE-MJ0FSZFK$,  Equipo: TAPJE-MJ0FSZFK.servertja.chis'),(27,2,1,1,'2024-04-16','IP: ::1,  Usuario Windows: TAPJE-MJ0FSZFK$,  Equipo: TAPJE-MJ0FSZFK.servertja.chis'),(28,2,1,1,'2024-04-16','IP: ::1,  Usuario Windows: TAPJE-MJ0FSZFK$,  Equipo: TAPJE-MJ0FSZFK.servertja.chis'),(29,2,1,1,'2024-04-16','IP: ::1,  Usuario Windows: TAPJE-MJ0FSZFK$,  Equipo: TAPJE-MJ0FSZFK.servertja.chis'),(30,2,1,1,'2024-04-16','IP: ::1,  Usuario Windows: TAPJE-MJ0FSZFK$,  Equipo: TAPJE-MJ0FSZFK.servertja.chis'),(31,2,1,1,'2024-04-16','IP: ::1,  Usuario Windows: TAPJE-MJ0FSZFK$,  Equipo: TAPJE-MJ0FSZFK.servertja.chis'),(32,2,1,1,'2024-04-16','IP: ::1,  Usuario Windows: TAPJE-MJ0FSZFK$,  Equipo: TAPJE-MJ0FSZFK.servertja.chis'),(33,2,1,1,'2024-04-16','IP: ::1,  Usuario Windows: TAPJE-MJ0FSZFK$,  Equipo: TAPJE-MJ0FSZFK.servertja.chis'),(34,2,1,1,'2024-04-16','IP: ::1,  Usuario Windows: TAPJE-MJ0FSZFK$,  Equipo: TAPJE-MJ0FSZFK.servertja.chis'),(35,2,1,1,'2024-04-16','IP: ::1,  Usuario Windows: TAPJE-MJ0FSZFK$,  Equipo: TAPJE-MJ0FSZFK.servertja.chis'),(36,2,1,1,'2024-04-16','IP: ::1,  Usuario Windows: TAPJE-MJ0FSZFK$,  Equipo: TAPJE-MJ0FSZFK.servertja.chis'),(37,2,1,1,'2024-04-16','IP: ::1,  Usuario Windows: TAPJE-MJ0FSZFK$,  Equipo: TAPJE-MJ0FSZFK.servertja.chis'),(38,2,1,1,'2024-04-16','IP: ::1,  Usuario Windows: TAPJE-MJ0FSZFK$,  Equipo: TAPJE-MJ0FSZFK.servertja.chis'),(39,2,1,1,'2024-04-16','IP: ::1,  Usuario Windows: TAPJE-MJ0FSZFK$,  Equipo: TAPJE-MJ0FSZFK.servertja.chis'),(40,2,1,1,'2024-04-16','IP: ::1,  Usuario Windows: TAPJE-MJ0FSZFK$,  Equipo: TAPJE-MJ0FSZFK.servertja.chis'),(41,2,1,1,'2024-04-16','IP: ::1,  Usuario Windows: TAPJE-MJ0FSZFK$,  Equipo: TAPJE-MJ0FSZFK.servertja.chis'),(42,2,1,1,'2024-04-16','IP: ::1,  Usuario Windows: TAPJE-MJ0FSZFK$,  Equipo: TAPJE-MJ0FSZFK.servertja.chis'),(43,2,1,1,'2024-04-16','IP: ::1,  Usuario Windows: TAPJE-MJ0FSZFK$,  Equipo: TAPJE-MJ0FSZFK.servertja.chis'),(44,2,1,1,'2024-04-16','IP: ::1,  Usuario Windows: TAPJE-MJ0FSZFK$,  Equipo: TAPJE-MJ0FSZFK.servertja.chis'),(45,2,1,1,'2024-04-16','IP: ::1,  Usuario Windows: TAPJE-MJ0FSZFK$,  Equipo: TAPJE-MJ0FSZFK.servertja.chis'),(46,2,1,1,'2024-04-16','IP: ::1,  Usuario Windows: TAPJE-MJ0FSZFK$,  Equipo: TAPJE-MJ0FSZFK.servertja.chis'),(47,2,1,1,'2024-04-16','IP: ::1,  Usuario Windows: TAPJE-MJ0FSZFK$,  Equipo: TAPJE-MJ0FSZFK.servertja.chis'),(48,2,1,1,'2024-04-16','IP: ::1,  Usuario Windows: TAPJE-MJ0FSZFK$,  Equipo: TAPJE-MJ0FSZFK.servertja.chis'),(49,2,1,1,'2024-04-16','IP: ::1,  Usuario Windows: TAPJE-MJ0FSZFK$,  Equipo: TAPJE-MJ0FSZFK.servertja.chis'),(50,2,1,1,'2024-04-16','IP: ::1,  Usuario Windows: TAPJE-MJ0FSZFK$,  Equipo: TAPJE-MJ0FSZFK.servertja.chis'),(51,2,1,1,'2024-04-16','IP: ::1,  Usuario Windows: TAPJE-MJ0FSZFK$,  Equipo: TAPJE-MJ0FSZFK.servertja.chis'),(52,2,1,1,'2024-04-16','IP: ::1,  Usuario Windows: TAPJE-MJ0FSZFK$,  Equipo: TAPJE-MJ0FSZFK.servertja.chis'),(53,2,1,1,'2024-04-16','IP: ::1,  Usuario Windows: TAPJE-MJ0FSZFK$,  Equipo: TAPJE-MJ0FSZFK.servertja.chis'),(54,2,1,1,'2024-04-16','IP: ::1,  Usuario Windows: TAPJE-MJ0FSZFK$,  Equipo: TAPJE-MJ0FSZFK.servertja.chis'),(55,2,1,1,'2024-04-16','IP: ::1,  Usuario Windows: TAPJE-MJ0FSZFK$,  Equipo: TAPJE-MJ0FSZFK.servertja.chis'),(56,2,1,1,'2024-04-16','IP: ::1,  Usuario Windows: TAPJE-MJ0FSZFK$,  Equipo: TAPJE-MJ0FSZFK.servertja.chis'),(57,2,1,1,'2024-04-16','IP: ::1,  Usuario Windows: TAPJE-MJ0FSZFK$,  Equipo: TAPJE-MJ0FSZFK.servertja.chis'),(58,2,1,1,'2024-04-16','IP: ::1,  Usuario Windows: TAPJE-MJ0FSZFK$,  Equipo: TAPJE-MJ0FSZFK.servertja.chis'),(59,2,1,1,'2024-04-16','IP: ::1,  Usuario Windows: TAPJE-MJ0FSZFK$,  Equipo: TAPJE-MJ0FSZFK.servertja.chis'),(60,2,1,1,'2024-04-16','IP: ::1,  Usuario Windows: TAPJE-MJ0FSZFK$,  Equipo: TAPJE-MJ0FSZFK.servertja.chis'),(61,2,1,1,'2024-04-16','IP: ::1,  Usuario Windows: TAPJE-MJ0FSZFK$,  Equipo: TAPJE-MJ0FSZFK.servertja.chis'),(62,2,1,1,'2024-04-16','IP: ::1,  Usuario Windows: TAPJE-MJ0FSZFK$,  Equipo: TAPJE-MJ0FSZFK.servertja.chis'),(63,2,1,1,'2024-04-16','IP: ::1,  Usuario Windows: TAPJE-MJ0FSZFK$,  Equipo: TAPJE-MJ0FSZFK.servertja.chis'),(64,2,1,1,'2024-04-16','IP: ::1,  Usuario Windows: TAPJE-MJ0FSZFK$,  Equipo: TAPJE-MJ0FSZFK.servertja.chis'),(65,2,1,1,'2024-04-16','IP: ::1,  Usuario Windows: TAPJE-MJ0FSZFK$,  Equipo: TAPJE-MJ0FSZFK.servertja.chis'),(66,2,1,1,'2024-04-16','IP: ::1,  Usuario Windows: TAPJE-MJ0FSZFK$,  Equipo: TAPJE-MJ0FSZFK.servertja.chis'),(67,2,1,1,'2024-04-16','IP: ::1,  Usuario Windows: TAPJE-MJ0FSZFK$,  Equipo: TAPJE-MJ0FSZFK.servertja.chis'),(68,2,1,1,'2024-04-16','IP: ::1,  Usuario Windows: TAPJE-MJ0FSZFK$,  Equipo: TAPJE-MJ0FSZFK.servertja.chis'),(69,2,1,1,'2024-04-16','IP: ::1,  Usuario Windows: TAPJE-MJ0FSZFK$,  Equipo: TAPJE-MJ0FSZFK.servertja.chis'),(70,2,1,1,'2024-04-16','IP: ::1,  Usuario Windows: TAPJE-MJ0FSZFK$,  Equipo: TAPJE-MJ0FSZFK.servertja.chis'),(71,2,1,1,'2024-04-16','IP: ::1,  Usuario Windows: TAPJE-MJ0FSZFK$,  Equipo: TAPJE-MJ0FSZFK.servertja.chis'),(72,2,1,1,'2024-04-16','IP: ::1,  Usuario Windows: TAPJE-MJ0FSZFK$,  Equipo: TAPJE-MJ0FSZFK.servertja.chis'),(73,2,1,1,'2024-04-16','IP: ::1,  Usuario Windows: TAPJE-MJ0FSZFK$,  Equipo: TAPJE-MJ0FSZFK.servertja.chis'),(74,2,1,1,'2024-04-16','IP: ::1,  Usuario Windows: TAPJE-MJ0FSZFK$,  Equipo: TAPJE-MJ0FSZFK.servertja.chis'),(75,2,1,1,'2024-04-16','IP: ::1,  Usuario Windows: TAPJE-MJ0FSZFK$,  Equipo: TAPJE-MJ0FSZFK.servertja.chis'),(76,2,1,1,'2024-04-16','IP: ::1,  Usuario Windows: TAPJE-MJ0FSZFK$,  Equipo: TAPJE-MJ0FSZFK.servertja.chis'),(77,2,1,1,'2024-04-16','IP: ::1,  Usuario Windows: TAPJE-MJ0FSZFK$,  Equipo: TAPJE-MJ0FSZFK.servertja.chis'),(78,2,1,1,'2024-04-16','IP: ::1,  Usuario Windows: TAPJE-MJ0FSZFK$,  Equipo: TAPJE-MJ0FSZFK.servertja.chis'),(79,2,1,1,'2024-04-16','IP: ::1,  Usuario Windows: TAPJE-MJ0FSZFK$,  Equipo: TAPJE-MJ0FSZFK.servertja.chis'),(80,2,1,1,'2024-04-16','IP: ::1,  Usuario Windows: TAPJE-MJ0FSZFK$,  Equipo: TAPJE-MJ0FSZFK.servertja.chis'),(81,2,1,1,'2024-04-16','IP: ::1,  Usuario Windows: TAPJE-MJ0FSZFK$,  Equipo: TAPJE-MJ0FSZFK.servertja.chis'),(82,2,1,1,'2024-04-16','IP: ::1,  Usuario Windows: TAPJE-MJ0FSZFK$,  Equipo: TAPJE-MJ0FSZFK.servertja.chis'),(83,2,1,1,'2024-04-16','IP: ::1,  Usuario Windows: TAPJE-MJ0FSZFK$,  Equipo: TAPJE-MJ0FSZFK.servertja.chis'),(84,2,1,1,'2024-04-16','IP: ::1,  Usuario Windows: TAPJE-MJ0FSZFK$,  Equipo: TAPJE-MJ0FSZFK.servertja.chis'),(85,2,1,1,'2024-04-16','IP: ::1,  Usuario Windows: TAPJE-MJ0FSZFK$,  Equipo: TAPJE-MJ0FSZFK.servertja.chis'),(86,2,1,1,'2024-04-16','IP: ::1,  Usuario Windows: TAPJE-MJ0FSZFK$,  Equipo: TAPJE-MJ0FSZFK.servertja.chis'),(87,2,1,1,'2024-04-16','IP: ::1,  Usuario Windows: TAPJE-MJ0FSZFK$,  Equipo: TAPJE-MJ0FSZFK.servertja.chis'),(88,2,1,1,'2024-04-16','IP: ::1,  Usuario Windows: TAPJE-MJ0FSZFK$,  Equipo: TAPJE-MJ0FSZFK.servertja.chis'),(89,2,1,1,'2024-04-17','IP: ::1,  Usuario Windows: TAPJE-MJ0FSZFK$,  Equipo: TAPJE-MJ0FSZFK.servertja.chis'),(90,2,1,1,'2024-04-17','IP: ::1,  Usuario Windows: TAPJE-MJ0FSZFK$,  Equipo: TAPJE-MJ0FSZFK.servertja.chis'),(91,2,1,1,'2024-04-17','IP: ::1,  Usuario Windows: TAPJE-MJ0FSZFK$,  Equipo: TAPJE-MJ0FSZFK.servertja.chis'),(92,2,1,1,'2024-04-17','IP: ::1,  Usuario Windows: TAPJE-MJ0FSZFK$,  Equipo: TAPJE-MJ0FSZFK.servertja.chis'),(93,2,1,1,'2024-04-17','IP: ::1,  Usuario Windows: TAPJE-MJ0FSZFK$,  Equipo: TAPJE-MJ0FSZFK.servertja.chis'),(94,2,1,1,'2024-08-20','IP: 192.168.1.85,  Usuario Windows: TA-AI-0002$,  Equipo: TAPJE-MJ0FSZFK'),(95,2,1,1,'2024-08-20','IP: 192.168.1.164,  Usuario Windows: TA-AI-0002$,  Equipo: TAPJE-MPAESNH'),(96,2,1,1,'2024-08-20','IP: 192.168.1.164,  Usuario Windows: TA-AI-0002$,  Equipo: TAPJE-MPAESNH'),(97,2,1,1,'2024-08-20','IP: 192.168.1.164,  Usuario Windows: TA-AI-0002$,  Equipo: TAPJE-MPAESNH'),(98,2,1,1,'2024-08-20','IP: 192.168.1.164,  Usuario Windows: TA-AI-0002$,  Equipo: TAPJE-MPAESNH'),(99,2,1,1,'2024-08-20','IP: 192.168.1.164,  Usuario Windows: TA-AI-0002$,  Equipo: TAPJE-MPAESNH'),(100,2,1,1,'2024-08-20','IP: 192.168.1.164,  Usuario Windows: TA-AI-0002$,  Equipo: TAPJE-MPAESNH'),(101,2,1,1,'2024-08-20','IP: 192.168.1.164,  Usuario Windows: TA-AI-0002$,  Equipo: TAPJE-MPAESNH'),(102,2,1,1,'2024-08-20','IP: 192.168.1.164,  Usuario Windows: TA-AI-0002$,  Equipo: TAPJE-MPAESNH');

/*Table structure for table `pri_sistema_rol_permiso` */

DROP TABLE IF EXISTS `pri_sistema_rol_permiso`;

CREATE TABLE `pri_sistema_rol_permiso` (
  `fk_sistema` int(10) DEFAULT NULL,
  `fk_rol` int(10) DEFAULT NULL,
  `fk_permiso` int(10) DEFAULT NULL,
  KEY `fk_sistema` (`fk_sistema`),
  KEY `fk_rol` (`fk_rol`),
  KEY `fk_permiso` (`fk_permiso`),
  CONSTRAINT `pri_sistema_rol_permiso_ibfk_1` FOREIGN KEY (`fk_sistema`) REFERENCES `cat_sistema` (`id_sistema`),
  CONSTRAINT `pri_sistema_rol_permiso_ibfk_2` FOREIGN KEY (`fk_rol`) REFERENCES `cat_rol` (`id_rol`),
  CONSTRAINT `pri_sistema_rol_permiso_ibfk_3` FOREIGN KEY (`fk_permiso`) REFERENCES `cat_permiso` (`id_permiso`)
) ENGINE=InnoDB DEFAULT CHARSET=utf8mb4 COLLATE=utf8mb4_spanish2_ci;

/*Data for the table `pri_sistema_rol_permiso` */

insert  into `pri_sistema_rol_permiso`(`fk_sistema`,`fk_rol`,`fk_permiso`) values (1,1,1),(1,1,2),(1,1,3),(1,1,4),(1,1,5),(1,1,6),(1,1,7),(1,1,8),(1,1,9),(1,1,10),(1,1,11),(1,1,12),(1,1,13),(1,1,14),(1,1,15),(1,1,16),(1,1,17),(1,1,18),(1,1,19),(1,1,20),(2,3,20),(2,3,21),(2,4,20),(2,4,21),(4,5,22),(4,5,23),(4,6,22),(4,7,23),(1,1,24);

/*Table structure for table `pri_usuario_rol_sistema` */

DROP TABLE IF EXISTS `pri_usuario_rol_sistema`;

CREATE TABLE `pri_usuario_rol_sistema` (
  `fk_usuario` int(10) DEFAULT NULL,
  `fk_rol` int(10) DEFAULT NULL,
  `fk_sistema` int(10) DEFAULT NULL,
  `activo` int(10) DEFAULT NULL,
  KEY `fk_usuario` (`fk_usuario`),
  KEY `fk_rol` (`fk_rol`),
  KEY `fk_sistema` (`fk_sistema`),
  CONSTRAINT `pri_usuario_rol_sistema_ibfk_1` FOREIGN KEY (`fk_usuario`) REFERENCES `cat_usuario` (`id_usuario`),
  CONSTRAINT `pri_usuario_rol_sistema_ibfk_2` FOREIGN KEY (`fk_rol`) REFERENCES `cat_rol` (`id_rol`),
  CONSTRAINT `pri_usuario_rol_sistema_ibfk_3` FOREIGN KEY (`fk_sistema`) REFERENCES `cat_sistema` (`id_sistema`)
) ENGINE=InnoDB DEFAULT CHARSET=utf8mb4 COLLATE=utf8mb4_spanish2_ci;

/*Data for the table `pri_usuario_rol_sistema` */

insert  into `pri_usuario_rol_sistema`(`fk_usuario`,`fk_rol`,`fk_sistema`,`activo`) values (1,1,1,1),(1,3,2,1),(2,4,2,1),(3,4,2,1),(5,4,2,1),(6,4,2,1),(7,4,2,1),(8,4,2,1),(9,4,2,1),(10,4,2,1),(11,4,2,1),(12,4,2,1),(13,4,2,1),(14,4,2,1),(15,4,2,1),(16,4,2,1),(17,4,2,1),(18,4,2,1),(19,4,2,1),(20,4,2,1),(21,4,2,1),(22,4,2,1),(24,4,2,1),(25,4,2,1),(26,4,2,1),(28,4,2,1),(29,4,2,1),(30,4,2,1),(31,4,2,1),(32,4,2,1),(33,4,2,1),(34,4,2,1),(35,4,2,1),(36,4,2,1),(37,4,2,1),(39,4,2,1),(42,4,2,1),(44,4,2,1),(45,4,2,1),(46,4,2,1),(47,4,2,1),(48,4,2,1),(49,4,2,1),(50,4,2,1),(51,4,2,1),(52,4,2,1),(53,4,2,1),(64,4,2,1),(67,4,2,1),(69,4,2,1),(71,4,2,1),(72,4,2,1),(73,4,2,1),(74,4,2,1),(75,4,2,1),(76,4,2,1),(77,4,2,1),(79,4,2,1),(80,4,2,1),(81,4,2,1),(82,4,2,1),(83,4,2,1),(84,4,2,1),(85,4,2,1),(86,4,2,1),(87,4,2,1),(88,4,2,1),(89,4,2,1),(90,4,2,1),(91,4,2,1),(92,4,2,1),(97,4,2,1),(99,4,2,1),(100,4,2,1),(101,4,2,1),(102,4,2,1),(103,4,2,1),(104,4,2,1),(106,4,2,1),(107,4,2,1),(108,4,2,1),(109,4,2,1),(110,4,2,1),(111,4,2,1),(112,4,2,1),(116,4,2,1),(117,4,2,1),(119,4,2,1),(120,4,2,1),(121,4,2,1),(122,4,2,1),(124,4,2,1),(125,4,2,1),(126,4,2,1),(127,4,2,1),(128,4,2,1),(129,4,2,1),(130,4,2,1),(131,4,2,1),(132,4,2,1),(133,4,2,1),(134,4,2,1),(135,4,2,1),(136,4,2,1),(137,4,2,1),(138,4,2,1),(139,4,2,1),(140,4,2,1),(141,4,2,1),(142,4,2,1),(143,4,2,1),(144,4,2,1),(145,4,2,1),(146,4,2,1),(147,4,2,1),(148,4,2,1),(149,4,2,1),(150,4,2,1),(151,4,2,1),(152,4,2,1),(153,4,2,1),(154,4,2,1),(155,4,2,1),(156,4,2,1),(157,4,2,1),(158,4,2,1),(159,4,2,1),(160,4,2,1),(161,4,2,1),(162,4,2,1),(163,4,2,1),(164,4,2,1),(165,4,2,1),(167,4,2,1),(151,1,1,1),(1,5,4,1),(89,7,4,1),(69,7,4,1),(74,7,4,1),(48,7,4,1),(16,7,4,1),(132,7,4,1),(127,7,4,1),(72,7,4,1),(87,7,4,1),(89,7,4,1),(45,6,4,1),(8,7,4,1),(151,6,4,1),(11,7,4,1),(69,7,4,1),(35,7,4,1),(71,7,4,1),(117,7,4,1),(90,7,4,1),(152,6,4,1),(52,1,1,1),(168,2,2,1),(169,7,2,1),(170,4,2,1);

/*!40101 SET SQL_MODE=@OLD_SQL_MODE */;
/*!40014 SET FOREIGN_KEY_CHECKS=@OLD_FOREIGN_KEY_CHECKS */;
/*!40014 SET UNIQUE_CHECKS=@OLD_UNIQUE_CHECKS */;
/*!40111 SET SQL_NOTES=@OLD_SQL_NOTES */;
